State,1901,1902,1903,1904,1905,1906,1907,1908,1909,1910,1911,1912,1913,1914,1915,1916,1917,1918,1919,1920,1921,1922,1923,1924,1925,1926,1927,1928,1929,1930,1931,1932,1933,1934,1935,1936,1937,1938,1939,1940,1941,1942,1943,1944,1945,1946,1947,1948,1949,1950,1951,1952,1953,1954,1955,1956,1957,1958,1959,1960,1961,1962,1963,1964,1965,1966,1967,1968,1969,1970,1971,1972,1973,1974,1975,1976,1977,1978,1979,1980,1981,1982,1983,1984,1985,1986,1987,1988,1989,1990,1991,1992,1993,1994,1995,1996,1997,1998,1999,2000,2001,2002,2003,2004,2005,2006,2007,2008,2009,2010,2011,2012,2013
Alabama,15.921,17.081,16.254,16.697,16.629,16.993,17.34,17.499,17.301,16.716,18.217,16.448,17.237,16.804,17.072,17.167,16.201,17.285,17.486,16.518,18.4,18.074,17.153,16.425,17.953,16.857,18.282,16.642,17.119,17.099,17.609,17.638,18.197,17.34,17.382,17.476,17.244,17.962,17.678,16.17,17.531,16.934,17.297,17.499,17.622,17.816,16.982,17.516,18.015,17.393,17.695,17.562,17.773,17.994,17.612,17.718,17.903,16.437,17.382,16.614,16.851,17.426,16.73,17.126,17.461,16.757,16.94,16.457,16.66,17.083,17.425,17.544,17.571,17.584,17.46,16.298,17.305,16.935,16.658,17.287,17.028,17.725,16.519,17.402,17.437,18.134,17.487,16.969,17.042,18.536,18.039,17.039,17.127,17.518,17.536,17.066,17.254,18.787,18.271,17.911,17.678,18.022,17.513,17.838,17.857,18.296,18.423,17.57,17.607,17.461,18.124,18.735,18.957
Alaska,-5.886,-5.392,-5.65,-5.716,-4.027,-5.285,-5.583,-4.902,-6.469,-6.133,-5.061,-3.549,-4.852,-3.746,-4.024,-5.195,-6.067,-6.053,-4.958,-5.629,-4.742,-4.872,-3.842,-5.194,-4.726,-2.352,-5.559,-3.937,-3.615,-5.073,-4.4,-5.616,-6.2,-4.359,-4.804,-4.438,-4.034,-4.032,-5.308,-2.7,-3.959,-3.794,-3.911,-3.922,-4.999,-5.39,-4.555,-5.989,-4.783,-4.425,-5.081,-4.918,-4.586,-5.288,-6.153,-6.896,-3.424,-4.073,-5.471,-4.359,-5.906,-4.057,-4.279,-6.269,-5.347,-5.824,-4.003,-4.915,-4.089,-5.011,-6.615,-5.839,-5.296,-5.967,-6.158,-4.688,-3.974,-2.818,-3.503,-4.293,-2.724,-4.92,-4.121,-5.037,-4.456,-4.137,-3.673,-3.855,-4.04,-4.848,-3.999,-5.104,-2.464,-4.56,-3.559,-4.912,-3.3,-3.063,-5.628,-3.302,-3.728,-2.239,-2.805,-2.737,-2.807,-4.116,-3.252,-4.864,-3.98,-3.455,-3.793,-5.281,-2.06
Arizona,15.584,15.288,15.074,15.536,15.016,15.22,15.422,14.911,14.935,16.293,15.028,14.161,14.373,15.606,14.679,15.064,14.965,15.135,14.825,14.726,15.729,15.13,14.775,15.16,15.387,15.619,15.699,15.634,14.994,14.959,15.357,14.894,15.175,16.736,15.22,15.921,15.411,15.382,15.636,16.22,14.839,15.369,16.11,14.739,14.985,15.44,15.505,15.097,14.856,16.162,15.222,15.171,15.416,16.277,14.914,15.51,15.526,16.009,15.906,15.537,15.384,15.669,15.662,14.571,14.94,15.521,15.251,14.987,15.57,15.191,14.772,15.546,14.871,15.448,14.523,15.113,15.804,15.613,15.027,15.824,16.45,15.032,15.31,15.398,15.439,15.976,15.304,15.77,16.335,15.531,15.249,15.429,15.553,15.99,16.204,16.665,15.954,15.258,16.0,16.51,16.258,16.256,16.676,15.84,16.267,16.22,16.443,15.916,16.188,15.798,15.774,16.752,17.813
Arkansas,15.368,15.255,14.599,15.131,14.708,15.09,15.919,16.049,16.027,15.439,16.508,14.553,15.725,15.608,15.269,15.828,14.457,15.735,15.785,15.229,17.217,16.3,15.76,14.803,16.363,15.513,16.503,15.488,15.227,15.849,16.375,16.113,16.767,16.551,15.842,16.058,15.502,16.956,16.574,14.703,16.2,15.643,16.018,16.084,15.641,16.627,15.649,15.563,16.173,15.515,15.706,16.27,16.702,17.218,16.169,16.496,16.044,15.042,15.735,15.134,15.245,15.897,15.894,16.087,16.289,15.279,15.662,15.014,15.5,15.614,16.094,15.828,16.126,15.94,15.769,15.106,16.219,15.183,14.703,16.108,15.929,15.799,15.168,15.86,15.705,16.66,16.402,15.73,15.276,16.87,16.558,15.798,15.393,16.015,16.067,15.565,15.621,17.488,17.021,16.363,16.508,16.199,16.045,16.4,16.874,16.949,16.834,15.762,15.812,16.471,16.866,17.826,17.506
California,14.307,13.772,13.914,14.522,14.131,14.375,14.041,13.863,13.76,14.603,13.349,13.352,13.739,14.287,14.01,13.36,13.944,14.039,13.719,13.557,14.277,13.577,13.763,14.126,14.19,15.058,14.054,14.419,14.204,14.037,14.792,14.0,13.93,15.606,14.019,14.96,14.197,14.249,14.806,15.141,14.231,14.209,14.673,13.758,14.174,13.993,14.469,13.395,13.768,14.725,14.222,14.002,14.236,14.457,13.688,14.096,14.203,15.186,15.156,14.671,14.549,14.281,14.171,13.813,13.921,14.607,14.384,14.415,14.342,14.492,13.636,14.214,14.245,14.428,13.681,14.368,14.651,14.456,14.468,14.663,15.319,13.702,14.421,14.699,14.181,15.046,14.74,14.969,14.605,14.528,14.558,15.277,14.407,14.568,15.094,15.446,15.2,13.906,14.535,15.019,15.171,15.038,15.391,15.069,14.92,14.945,15.062,15.071,15.004,14.408,14.266,15.358,16.845
Colorado,7.256,6.966,6.06,6.984,6.303,6.744,7.265,6.536,6.367,7.876,6.874,5.482,6.078,7.02,6.33,6.457,6.143,6.628,6.38,6.294,7.856,6.834,6.333,6.052,7.171,7.157,7.005,6.734,5.987,6.547,7.307,6.535,7.576,8.963,7.438,7.537,6.918,7.427,7.562,7.494,7.123,6.758,7.704,6.698,6.838,7.679,6.948,6.62,6.797,7.378,6.437,6.918,7.674,8.603,6.873,7.43,6.852,7.574,7.167,6.898,6.703,7.378,7.997,6.57,6.878,7.126,7.148,6.594,7.127,6.947,6.791,7.063,6.425,6.984,6.44,7.089,7.929,6.954,6.47,7.661,8.413,6.74,6.911,6.578,6.695,7.921,7.328,7.232,7.336,7.472,7.193,7.289,6.491,7.989,7.518,7.524,7.048,7.808,8.016,8.205,8.143,7.721,8.254,7.617,8.102,7.974,7.828,7.089,7.219,7.759,7.392,8.992,9.403
Connecticut,8.773,9.032,8.925,7.483,8.516,9.317,8.156,9.49,9.058,9.201,9.345,8.849,10.243,8.647,9.506,8.635,7.741,8.873,9.529,8.766,10.189,9.43,8.853,8.564,9.38,8.139,9.484,9.426,9.384,9.847,10.372,9.898,9.579,8.928,9.007,9.253,9.889,10.01,9.385,8.239,9.764,9.576,9.017,9.519,9.58,9.956,9.478,9.298,10.912,9.401,10.014,10.225,10.836,9.807,9.777,9.187,10.132,8.786,10.073,9.451,9.525,8.741,9.061,9.44,9.095,9.342,8.912,9.251,9.465,9.32,9.545,8.993,10.473,9.584,10.077,9.227,9.568,8.732,9.769,9.268,9.458,9.307,10.127,9.912,9.713,9.614,9.677,9.481,9.231,10.831,10.797,9.05,9.553,9.622,9.803,9.368,9.587,11.117,10.845,9.581,10.547,10.723,9.43,9.707,10.121,11.025,10.098,10.328,9.744,11.057,10.831,11.633,11.597
Delaware,11.419,11.778,11.651,10.366,11.357,12.295,10.885,12.146,11.894,11.812,12.349,11.597,13.029,11.568,12.076,11.541,10.655,11.752,12.376,11.518,13.198,12.398,12.056,11.175,12.223,11.118,12.009,11.88,12.256,12.477,13.211,12.749,12.67,11.824,11.759,12.099,12.456,12.763,12.65,10.924,12.5,12.44,12.029,12.209,12.393,12.934,12.145,12.128,13.562,12.125,12.632,12.788,13.297,12.695,12.455,12.244,12.817,11.379,13.028,11.992,12.206,11.552,11.64,12.27,11.988,11.888,11.497,12.182,11.97,12.167,12.447,11.876,13.112,12.52,12.785,11.965,12.466,11.552,12.109,12.208,12.031,12.141,12.692,12.513,12.851,12.663,12.555,11.985,12.114,13.724,13.639,11.984,12.485,12.492,12.577,11.958,12.441,13.89,13.329,12.348,13.098,13.627,12.115,12.724,12.748,13.668,13.013,13.052,12.541,13.313,13.69,14.09,14.044
District Of Columbia,11.32,11.763,11.572,10.366,11.487,12.343,10.872,12.062,11.934,11.889,12.529,11.489,12.982,11.608,11.919,11.604,10.552,11.858,12.368,11.402,13.368,12.46,12.171,11.134,12.128,11.252,12.145,11.943,12.132,12.644,13.259,12.748,12.595,11.983,11.805,12.003,12.225,12.786,12.753,11.025,12.583,12.404,12.243,12.269,12.311,12.88,12.057,12.199,13.366,12.038,12.373,12.632,13.295,12.686,12.481,12.301,12.737,11.343,13.063,11.782,12.108,11.612,11.575,12.329,12.176,11.894,11.601,12.149,11.982,12.286,12.432,11.895,13.04,12.512,12.668,11.853,12.342,11.56,11.875,12.22,12.0,12.156,12.476,12.424,12.79,12.654,12.775,12.141,11.922,13.745,13.759,11.957,12.39,12.455,12.553,11.847,12.357,14.074,13.189,12.278,12.994,13.464,12.073,12.787,12.819,13.589,13.133,12.764,12.438,13.281,13.557,13.997,14.188
Florida,20.286,21.387,20.914,21.056,21.414,21.269,21.756,21.694,21.599,20.625,22.352,21.626,21.635,21.173,21.264,21.563,21.022,21.606,21.79,20.945,22.132,22.149,21.611,21.251,21.873,21.258,22.152,21.19,21.997,21.218,21.569,22.212,22.207,21.623,21.567,21.715,21.599,21.8,21.975,20.678,21.623,21.363,21.387,21.741,22.026,22.347,21.799,22.515,22.461,21.748,21.785,21.741,22.034,21.656,21.704,21.593,22.188,21.098,21.956,21.252,21.64,21.537,21.213,21.685,21.8,21.156,21.747,20.903,21.103,21.328,21.893,22.204,21.83,22.144,22.361,21.148,21.374,21.55,21.629,21.674,21.313,22.503,21.285,21.65,22.069,22.435,21.68,21.441,22.081,22.902,22.506,21.686,21.747,22.414,22.007,21.548,22.261,22.955,22.272,21.952,22.157,22.431,22.179,22.141,22.106,22.392,22.588,22.107,22.292,21.281,22.596,22.681,23.034
Georgia (State),16.27,17.406,16.814,16.882,17.223,17.382,17.713,17.834,17.642,17.052,18.523,17.071,17.662,17.178,17.48,17.676,16.78,17.65,18.002,16.9,18.602,18.362,17.66,16.885,18.324,17.358,18.573,17.156,17.7,17.352,18.114,18.325,18.579,17.712,17.848,17.914,17.642,18.228,18.222,16.728,17.925,17.49,17.633,17.771,18.091,18.308,17.451,18.084,18.458,17.815,17.998,18.072,18.136,18.284,17.912,18.065,18.267,16.983,17.945,17.116,17.452,17.715,17.049,17.454,17.776,17.013,17.4,16.939,16.978,17.601,17.88,17.976,17.94,18.154,18.082,16.868,17.626,17.425,17.261,17.659,17.287,18.175,17.065,17.845,18.108,18.746,17.788,17.316,17.769,19.144,18.512,17.515,17.774,18.017,17.98,17.486,17.807,19.158,18.503,17.921,18.229,18.524,17.965,18.273,18.174,18.602,18.752,18.05,18.035,17.762,18.724,19.091,19.358
Hawaii,22.214,21.84,21.607,22.024,22.042,22.346,22.268,21.781,21.677,21.614,21.864,22.021,22.253,21.983,22.221,22.053,22.188,22.071,22.147,22.222,22.196,22.102,22.102,22.034,22.131,22.444,22.467,22.311,22.611,22.472,22.353,22.156,21.7,22.619,22.388,22.277,22.234,22.667,22.096,22.995,22.561,22.6,22.669,22.292,22.711,22.482,22.411,22.29,21.927,22.373,22.599,22.031,22.32,22.501,21.638,22.25,22.249,22.139,22.612,22.486,22.578,22.363,22.646,22.428,22.269,22.518,22.836,23.203,22.44,22.46,22.201,22.227,22.218,22.766,21.992,22.139,22.852,22.848,22.688,23.028,23.045,22.738,22.504,23.138,22.594,23.467,22.992,23.315,22.867,22.992,23.027,23.177,22.76,23.043,23.19,23.383,23.173,22.571,22.557,22.942,23.064,23.106,23.261,23.435,23.255,23.034,23.001,22.753,22.82,22.762,22.853,22.652,22.522
Idaho,5.919,5.175,4.677,5.842,5.26,5.532,5.412,5.123,5.117,5.934,4.363,4.533,4.581,5.652,5.732,4.101,4.938,5.682,5.135,4.943,5.817,4.501,5.016,5.01,6.247,6.349,5.18,5.4,4.607,5.058,5.663,4.664,5.505,7.877,5.158,5.727,5.193,5.955,6.37,6.847,6.136,5.021,5.536,5.034,5.397,5.604,5.864,4.845,5.106,5.331,4.855,5.201,6.476,5.918,4.345,5.302,5.275,6.631,5.606,5.452,6.129,5.521,6.082,4.547,5.491,6.015,6.132,5.44,5.611,5.52,5.14,5.339,5.727,5.91,4.829,5.454,5.856,5.434,5.471,5.915,6.589,4.696,5.688,4.559,3.948,6.291,6.468,6.338,5.556,5.931,5.815,6.753,4.488,6.423,6.026,5.739,5.815,6.432,6.087,6.239,6.429,5.776,7.068,6.387,6.063,6.432,6.739,5.509,5.664,5.92,5.426,6.956,8.539
Illinois,10.733,10.617,10.306,9.591,10.352,10.99,10.468,11.512,10.742,10.72,11.71,9.866,11.739,11.273,10.703,10.792,9.213,10.93,11.331,10.604,12.963,11.833,11.117,9.74,11.136,10.38,11.28,10.958,10.084,11.573,12.886,11.287,12.132,11.918,10.826,11.168,10.514,12.414,12.013,10.459,12.112,11.175,10.745,11.514,10.638,12.297,10.931,11.16,11.752,10.211,10.241,11.762,12.349,12.349,11.659,11.763,11.347,10.403,11.336,10.523,10.952,10.828,10.743,11.728,11.399,10.677,10.689,11.016,10.616,11.053,11.565,10.547,12.073,11.251,11.5,10.628,11.241,10.148,10.057,11.111,11.38,10.75,11.44,11.346,10.681,11.846,12.557,11.47,10.505,12.295,12.362,11.374,10.791,11.409,11.204,10.387,10.899,13.23,12.334,11.583,12.222,12.111,11.293,11.761,12.354,12.577,12.372,10.842,11.13,12.002,12.112,13.524,13.009
Indiana,10.396,10.676,10.298,9.511,10.382,11.068,10.268,11.558,10.764,10.586,11.693,9.883,11.776,11.093,10.701,10.834,9.145,10.902,11.46,10.454,12.951,11.883,11.093,9.778,11.17,10.328,11.403,10.707,10.256,11.473,12.677,11.384,12.087,11.608,10.868,11.118,10.579,12.231,11.872,10.358,11.954,11.169,10.76,11.578,10.754,12.244,10.754,11.206,12.057,10.393,10.594,11.8,12.298,12.177,11.654,11.652,11.368,10.219,11.601,10.558,10.981,10.802,10.371,11.609,11.389,10.62,10.68,10.933,10.634,11.11,11.444,10.633,12.132,11.232,11.604,10.505,11.134,10.052,10.124,10.839,10.997,10.916,11.522,11.266,11.08,11.841,12.321,11.289,10.58,12.316,12.519,11.206,10.941,11.348,11.277,10.535,10.813,13.243,12.305,11.416,12.265,12.251,11.152,11.773,12.113,12.419,12.359,11.1,11.208,11.991,12.175,13.319,13.058
Iowa,9.069,8.362,8.094,7.623,8.156,8.834,8.238,9.337,8.237,8.96,9.395,7.653,9.523,9.241,8.473,8.184,6.859,9.221,8.874,8.638,10.794,9.655,9.061,7.493,8.844,8.591,8.855,9.218,7.558,9.62,11.308,8.558,9.93,10.327,8.76,8.71,8.217,10.265,10.239,8.459,10.223,9.05,8.479,9.316,8.444,10.081,9.081,9.208,9.383,7.663,7.416,9.341,10.068,10.138,9.397,9.5,9.179,8.82,8.832,8.38,8.732,8.597,9.268,9.683,8.71,8.545,8.689,9.22,8.366,8.863,9.137,8.088,9.863,9.229,9.092,9.09,9.626,7.934,7.801,9.422,9.956,8.349,9.186,9.263,8.241,9.716,11.126,9.799,8.602,10.229,9.804,9.372,8.163,9.166,9.048,7.876,8.998,11.054,10.417,9.81,10.064,10.084,9.453,9.748,10.375,10.798,10.01,8.356,8.797,9.645,9.723,11.742,11.112
Kansas,12.486,11.845,11.329,11.847,11.453,11.895,12.204,12.648,11.918,12.775,12.841,11.053,12.441,12.709,11.482,11.787,11.263,12.392,11.679,11.929,13.731,12.714,12.235,11.182,12.686,12.401,12.263,12.355,11.333,12.573,13.593,12.066,13.777,14.22,12.717,12.925,12.031,13.767,13.725,12.034,12.898,12.256,12.548,12.32,12.072,13.777,12.431,12.13,12.107,11.878,11.274,12.792,13.637,14.18,12.71,13.45,12.237,12.003,12.226,11.707,11.705,12.625,13.46,12.888,12.663,12.155,12.374,12.182,12.023,12.485,12.402,12.029,12.457,12.695,12.319,12.602,13.315,11.747,11.52,13.061,13.384,11.914,12.028,12.441,11.645,13.672,13.293,12.873,12.017,13.317,13.42,12.574,11.372,13.01,12.475,11.978,12.328,13.786,13.614,13.344,13.536,13.167,13.075,13.068,13.519,14.071,13.084,12.263,12.294,13.231,13.196,14.837,14.635
Kentucky,12.084,12.691,12.392,12.03,12.474,13.006,12.654,13.49,12.98,12.354,13.864,11.989,13.763,12.998,12.873,12.906,11.383,12.965,13.589,12.419,14.714,13.915,13.216,12.03,13.507,12.647,13.603,12.623,12.696,13.459,14.246,13.549,14.032,13.537,13.094,13.384,12.79,14.119,13.822,12.178,13.755,13.121,13.058,13.5,13.087,14.096,12.732,13.285,14.031,12.766,12.991,13.855,14.187,14.111,13.611,13.705,13.723,12.087,13.622,12.431,12.866,12.978,12.41,13.469,13.473,12.471,12.793,12.628,12.581,13.2,13.425,13.015,13.895,13.404,13.601,12.289,13.066,12.259,12.284,12.945,12.836,13.288,13.18,13.304,13.132,14.014,14.008,13.032,12.742,14.348,14.415,13.153,13.086,13.336,13.299,12.743,12.877,14.898,14.328,13.48,14.019,14.203,13.301,13.884,14.096,14.111,14.568,13.284,13.326,13.704,14.215,15.028,14.94
Louisiana,18.293,18.996,17.948,18.826,18.507,18.862,19.537,19.4,19.328,18.983,20.154,18.262,18.742,18.62,18.794,19.138,18.154,19.153,19.184,18.643,20.341,19.783,19.08,18.657,19.572,18.946,20.268,18.798,18.952,19.023,19.315,19.406,20.371,19.628,19.54,19.105,19.063,19.797,19.748,18.203,19.376,18.896,19.238,19.596,19.531,19.777,19.027,19.393,19.858,19.563,19.638,19.3,19.745,19.992,19.636,19.782,19.766,18.602,19.057,18.686,18.705,19.472,19.125,19.228,19.659,18.711,19.09,18.332,19.019,18.898,19.536,19.513,19.375,19.552,19.29,18.331,19.309,18.79,18.454,19.309,19.328,19.594,18.352,19.375,19.392,19.925,19.217,19.006,18.87,20.166,19.668,19.109,18.959,19.469,19.66,19.302,19.221,20.643,20.252,19.913,19.625,19.666,19.514,19.885,20.077,20.228,20.021,19.621,19.735,19.478,20.21,20.766,20.963
Maine,4.708,4.723,4.59,3.017,3.785,4.465,3.538,4.691,4.544,4.872,4.553,3.917,5.317,3.593,5.297,4.45,3.132,3.95,4.703,4.439,5.37,4.548,3.754,4.104,4.263,3.318,5.04,4.523,4.403,5.2,5.912,5.251,4.595,4.016,4.209,4.36,5.746,5.291,4.279,4.112,4.992,5.117,4.024,5.009,5.031,5.159,5.159,4.712,5.949,4.978,5.458,5.787,6.455,5.002,4.95,4.338,5.267,4.504,5.047,5.361,5.075,4.177,4.454,4.776,4.291,5.301,4.378,4.598,5.246,4.714,4.713,3.897,5.874,4.485,5.147,4.417,4.931,4.252,5.613,4.344,5.572,4.568,5.746,5.37,4.561,4.629,5.166,5.084,4.225,5.939,5.567,4.463,4.6,4.88,5.187,5.155,4.569,6.562,6.748,5.211,6.133,5.63,4.913,4.84,5.657,6.803,5.081,5.562,5.166,7.181,6.226,6.814,7.505
Maryland,11.553,11.965,11.804,10.662,11.682,12.535,11.185,12.3,12.14,12.047,12.734,11.772,13.166,11.809,12.14,11.87,10.804,12.052,12.577,11.635,13.567,12.671,12.334,11.346,12.397,11.52,12.357,12.135,12.396,12.778,13.394,12.989,12.901,12.217,12.028,12.259,12.446,13.004,12.999,11.261,12.749,12.63,12.415,12.475,12.592,13.089,12.267,12.438,13.609,12.297,12.641,12.887,13.504,12.898,12.654,12.551,12.972,11.534,13.243,12.003,12.34,11.811,11.762,12.519,12.348,12.008,11.792,12.299,12.121,12.48,12.674,12.164,13.215,12.768,12.945,12.084,12.579,11.767,12.131,12.382,12.142,12.394,12.677,12.659,13.006,12.89,12.875,12.267,12.234,13.938,13.913,12.226,12.633,12.705,12.744,12.092,12.564,14.176,13.406,12.513,13.183,13.726,12.357,12.989,12.995,13.737,13.331,13.065,12.712,13.381,13.792,14.189,14.268
Massachusetts,7.565,7.737,7.622,6.15,7.113,7.891,6.782,8.126,7.71,7.887,7.987,7.428,8.833,7.174,8.212,7.311,6.329,7.453,8.163,7.439,8.787,7.975,7.349,7.171,7.96,6.675,8.252,8.078,7.972,8.502,9.013,8.472,8.181,7.56,7.594,7.863,8.553,8.648,7.851,6.957,8.424,8.276,7.514,8.152,8.225,8.551,8.224,7.958,9.563,8.12,8.582,8.866,9.588,8.407,8.449,7.748,8.775,7.489,8.66,8.094,8.201,7.394,7.737,8.027,7.746,8.03,7.59,7.831,8.232,7.96,8.094,7.486,9.201,8.134,8.63,7.828,8.165,7.376,8.558,7.825,8.267,7.89,8.812,8.582,8.18,8.135,8.238,8.186,7.807,9.448,9.345,7.674,8.104,8.261,8.409,8.168,8.164,9.848,9.567,8.287,9.196,9.3,8.068,8.336,8.812,9.739,8.638,8.848,8.377,9.827,9.42,10.316,10.526
Michigan,6.479,6.782,6.263,4.854,6.088,7.084,5.523,7.174,6.589,6.81,7.226,5.434,7.167,6.553,6.627,6.279,4.427,6.387,7.249,6.332,8.632,7.261,6.353,5.432,6.448,5.486,6.885,6.623,5.878,7.295,8.915,7.265,7.291,6.747,6.455,6.24,6.775,7.785,7.314,6.293,7.909,7.108,6.184,7.464,6.594,7.698,6.908,7.011,7.909,5.938,6.399,7.622,8.195,7.252,7.786,6.836,6.936,6.564,7.003,6.738,7.224,6.531,6.486,7.456,6.541,6.748,6.347,7.122,6.795,6.866,7.046,5.825,7.997,6.69,7.407,6.316,7.083,6.19,6.176,6.448,7.115,6.61,7.499,7.264,6.784,7.329,8.647,7.345,6.299,7.981,8.075,6.697,6.653,6.99,7.165,6.229,6.814,9.387,8.352,7.58,8.524,7.955,6.963,7.267,8.096,8.637,8.096,7.026,6.868,8.664,7.833,9.346,8.731
Minnesota,4.852,4.785,3.698,3.292,4.342,4.852,3.42,5.394,4.164,5.312,4.668,3.76,4.9,4.823,5.01,3.423,2.601,5.037,4.58,4.745,6.233,5.352,5.062,3.582,4.724,4.225,4.095,5.174,3.555,5.552,7.657,4.653,5.138,5.647,4.565,3.747,4.084,5.794,5.693,4.78,6.199,5.326,4.392,5.755,4.313,5.284,4.844,5.004,5.283,2.925,3.36,5.573,5.936,5.419,4.957,4.674,4.941,5.236,4.958,4.793,5.463,4.752,5.567,5.337,3.952,4.146,4.311,5.212,4.632,4.423,4.698,3.558,6.093,4.928,4.934,5.125,5.476,4.288,3.598,5.211,6.233,4.261,5.569,5.551,4.13,5.655,7.725,5.677,4.346,6.183,5.807,5.317,4.243,5.278,4.98,3.467,5.102,7.432,6.781,5.71,6.377,5.822,5.586,5.403,6.387,7.096,5.994,4.368,4.767,6.282,5.835,7.554,6.845
Mississippi,16.706,17.501,16.63,17.227,17.008,17.378,17.911,17.987,17.822,17.344,18.694,16.764,17.593,17.295,17.401,17.547,16.592,17.738,17.788,17.044,18.963,18.384,17.515,17.063,18.323,17.453,18.788,17.264,17.468,17.619,17.941,17.944,18.793,18.067,17.881,17.759,17.634,18.52,18.251,16.57,17.998,17.508,17.894,18.056,17.969,18.26,17.422,17.782,18.398,17.832,18.144,17.992,18.328,18.603,18.085,18.245,18.205,16.842,17.709,17.058,17.207,17.92,17.44,17.73,18.111,17.24,17.475,16.88,17.306,17.485,17.943,17.994,18.066,17.964,17.847,16.839,17.866,17.243,16.936,17.748,17.755,18.124,16.982,17.878,17.773,18.519,17.96,17.513,17.371,18.853,18.435,17.608,17.515,17.997,18.034,17.678,17.663,19.275,18.828,18.429,18.162,18.352,17.949,18.332,18.477,18.774,18.851,17.981,18.132,18.076,18.59,19.268,19.444
Missouri,12.563,11.897,11.604,11.45,11.594,12.097,12.278,12.877,12.413,12.238,13.299,11.304,13.047,12.757,12.086,12.286,10.958,12.634,12.564,12.065,14.213,13.206,12.635,11.333,12.803,12.148,12.758,12.518,11.572,12.923,14.09,12.727,13.676,13.727,12.376,12.981,11.932,14.075,13.618,11.711,13.499,12.567,12.332,12.784,12.123,13.864,12.56,12.464,12.819,11.801,11.676,13.091,13.884,14.162,13.01,13.416,12.733,11.929,12.619,11.955,12.066,12.487,12.788,13.121,13.018,12.135,12.33,12.154,12.154,12.536,12.951,12.32,13.174,12.75,12.843,12.281,12.958,11.681,11.402,13.027,13.007,12.226,12.497,12.752,11.953,13.538,13.795,12.874,12.024,13.804,13.715,12.86,11.963,12.909,12.638,11.925,12.394,14.311,13.866,13.197,13.577,13.361,12.884,13.109,13.792,14.111,13.76,12.263,12.562,13.259,13.497,15.087,14.411
Montana,5.653,4.565,4.54,5.108,4.838,5.282,4.158,5.311,4.142,5.966,3.906,4.27,4.468,5.356,5.249,3.053,3.964,5.251,4.796,4.826,5.825,4.207,5.289,4.325,5.818,6.015,3.905,5.333,4.013,5.509,6.687,4.843,5.663,7.327,4.967,5.117,4.662,5.883,6.406,5.938,6.148,5.154,5.137,5.327,4.916,5.71,5.317,4.928,4.727,3.752,3.288,5.339,6.674,5.562,4.006,5.3,5.12,6.145,4.852,5.333,6.22,5.526,6.193,4.948,4.554,5.25,5.507,5.083,4.645,4.879,4.898,4.478,5.76,5.98,4.315,6.165,5.59,4.08,4.786,5.824,6.834,4.07,5.642,5.511,4.167,6.273,7.129,6.804,4.983,6.092,6.179,6.476,4.394,6.051,5.522,4.122,5.806,6.697,6.799,5.836,6.581,5.325,6.418,6.108,6.199,6.911,6.727,5.283,5.145,5.427,5.4,6.999,8.458
Nebraska,9.467,8.61,8.245,8.787,8.29,8.824,8.666,9.419,8.322,9.706,9.357,7.968,9.179,9.516,8.221,8.307,7.851,9.316,8.646,8.796,10.677,9.362,9.153,7.86,9.467,9.566,8.809,9.42,8.139,9.577,10.962,8.91,10.515,11.246,9.454,9.259,8.836,10.564,10.682,9.396,10.052,9.248,9.604,9.008,8.951,10.432,9.301,9.293,9.05,8.283,7.782,9.545,10.383,10.677,9.333,9.879,9.182,9.199,9.208,8.665,9.063,9.29,10.344,9.53,9.071,8.931,9.222,9.226,8.874,9.334,9.215,8.715,9.566,9.87,9.049,9.752,10.161,8.107,8.335,9.993,10.53,8.605,9.092,9.257,8.408,10.318,10.723,10.029,9.153,10.272,10.328,9.677,8.08,9.839,9.466,8.34,9.499,10.608,10.802,10.195,10.42,10.258,10.195,10.178,10.653,10.915,10.298,9.006,8.942,9.925,9.631,11.819,11.807
Nevada,10.118,9.542,9.305,10.043,9.572,9.785,9.84,9.232,9.479,10.543,8.834,8.775,8.954,9.972,9.822,8.84,9.123,9.64,9.547,9.186,10.427,8.882,9.032,9.378,9.992,10.67,9.778,9.958,9.475,9.283,10.13,9.062,9.552,11.73,9.666,10.416,9.59,9.797,10.458,11.018,9.698,9.647,10.385,8.802,9.469,9.776,10.096,9.063,9.108,10.393,9.677,9.452,10.198,10.42,9.036,9.774,9.608,10.79,10.393,10.242,10.14,9.85,9.973,9.036,9.417,10.145,9.931,9.88,9.978,9.791,9.27,9.804,9.74,10.163,9.146,9.83,10.32,9.768,9.914,10.265,11.072,9.058,9.862,9.385,9.31,10.857,10.355,10.404,10.073,10.056,9.985,10.801,9.274,10.46,10.546,10.862,10.328,9.61,10.326,10.847,10.878,10.498,11.275,10.457,10.357,10.466,10.845,10.222,10.205,10.033,9.771,11.32,12.633
New Hampshire,5.718,5.76,5.717,4.152,5.115,5.812,4.725,6.046,5.746,5.992,5.934,5.281,6.769,5.018,6.407,5.485,4.219,5.418,6.133,5.579,6.874,6.007,5.275,5.228,5.787,4.518,6.254,6.005,5.9,6.435,7.051,6.498,6.063,5.45,5.474,5.765,6.661,6.697,5.658,5.054,6.345,6.398,5.344,6.082,6.295,6.538,6.294,6.043,7.557,6.209,6.568,6.887,7.701,6.286,6.463,5.69,6.693,5.538,6.597,6.302,6.398,5.406,5.749,6.047,5.667,6.102,5.678,5.761,6.259,5.988,5.986,5.381,7.206,6.003,6.595,5.655,6.236,5.325,6.621,5.659,6.515,5.888,6.89,6.645,6.056,6.187,6.445,6.218,5.662,7.461,7.207,5.665,6.059,6.16,6.49,6.32,5.981,8.021,7.668,6.291,7.273,7.189,6.102,6.263,6.921,7.894,6.446,6.829,6.36,8.019,7.474,8.323,8.774
New Jersey,10.278,10.522,10.404,9.029,10.148,11.012,9.602,10.927,10.618,10.603,11.044,10.335,11.817,10.208,10.888,10.233,9.365,10.55,11.131,10.274,11.975,11.135,10.697,9.932,10.885,9.737,10.77,10.777,11.029,11.27,12.043,11.51,11.335,10.569,10.539,10.834,11.231,11.51,11.268,9.64,11.265,11.114,10.717,11.033,11.082,11.703,10.948,10.895,12.398,10.84,11.372,11.576,12.16,11.419,11.35,10.91,11.579,10.192,11.821,10.8,11.039,10.355,10.398,11.034,10.726,10.745,10.324,10.881,10.789,10.883,11.145,10.597,11.962,11.213,11.592,10.665,11.126,10.278,10.992,10.952,10.917,10.875,11.525,11.306,11.467,11.32,11.36,10.886,10.801,12.44,12.418,10.693,11.178,11.156,11.325,10.806,11.138,12.785,12.17,11.077,11.94,12.356,10.894,11.475,11.642,12.52,11.736,11.762,11.256,12.267,12.397,12.957,13.038
New Mexico,12.052,11.963,11.167,11.833,11.268,11.649,12.143,11.501,11.753,12.85,11.883,10.696,10.875,11.88,11.087,12.032,11.62,11.518,11.19,11.374,12.436,11.909,11.446,11.524,12.031,11.625,12.404,11.739,11.179,11.5,11.683,11.239,12.051,13.245,12.038,12.16,11.944,12.072,11.974,12.075,11.548,11.776,12.365,11.382,11.878,12.341,11.787,11.747,11.527,12.774,12.062,11.912,12.239,13.113,11.785,12.243,12.091,12.132,12.011,11.601,11.542,12.185,12.332,11.369,11.854,11.813,12.064,11.499,12.167,11.683,11.64,12.105,11.293,11.955,11.177,11.457,12.468,12.137,11.398,12.401,12.805,11.798,11.741,11.706,11.959,12.352,11.454,11.823,12.528,12.128,11.717,11.719,12.004,12.741,12.643,12.838,11.874,12.577,12.624,13.076,12.742,12.638,13.23,12.164,12.798,12.835,12.487,12.206,12.503,12.452,12.734,13.483,14.264
New York,7.097,7.158,7.155,5.622,6.706,7.491,6.302,7.582,7.181,7.254,7.711,6.692,8.395,6.642,7.578,7.047,5.603,7.097,7.799,6.908,8.825,7.75,6.877,6.396,7.25,5.99,7.623,7.533,7.328,7.917,8.728,8.028,7.972,7.044,6.977,7.36,7.958,8.248,7.523,6.329,7.966,7.779,6.859,7.663,7.576,8.238,7.674,7.647,9.043,7.439,7.879,8.382,9.064,7.934,8.168,7.295,8.176,6.892,8.177,7.559,7.791,7.1,7.002,7.884,7.231,7.462,7.239,7.357,7.501,7.454,7.591,6.89,8.699,7.525,8.217,6.998,7.697,6.774,7.743,7.194,7.746,7.538,8.201,7.99,7.744,7.908,8.221,7.804,7.24,9.1,9.033,7.199,7.443,7.499,8.0,7.595,7.53,9.686,8.915,7.738,8.923,8.904,7.595,7.904,8.512,9.286,8.206,8.293,7.884,9.142,9.008,9.915,9.914
North Carolina,13.813,14.565,14.351,13.607,14.332,14.898,14.429,14.876,14.71,14.384,15.505,14.404,15.289,14.417,14.606,14.799,13.592,14.686,15.227,14.139,15.958,15.346,14.979,14.088,15.37,14.734,15.357,14.618,14.901,14.919,15.544,15.755,15.994,15.063,14.973,15.029,14.935,15.62,15.692,14.136,15.292,15.145,15.018,14.959,15.413,15.641,14.638,15.24,15.969,15.112,15.156,15.43,15.819,15.414,15.132,15.41,15.521,14.125,15.436,14.388,14.823,14.632,14.157,14.906,14.995,14.284,14.413,14.439,14.289,15.084,15.19,14.859,15.358,15.359,15.517,14.383,14.967,14.489,14.586,14.786,14.35,15.121,14.725,15.141,15.464,15.79,15.09,14.439,14.952,16.554,16.095,14.933,15.239,15.384,15.119,14.728,14.945,16.436,15.81,15.1,15.649,16.012,15.272,15.621,15.661,15.864,16.218,15.533,15.305,15.355,16.119,16.32,16.544
North Dakota,4.845,4.021,3.505,3.184,4.111,4.375,2.852,4.857,3.554,5.042,3.586,3.531,4.44,4.624,4.333,2.445,2.54,4.427,3.81,4.329,5.65,4.375,4.792,3.465,4.717,4.759,3.297,5.036,3.187,5.062,6.971,4.262,5.024,6.195,4.067,3.642,3.811,5.458,5.453,4.913,5.633,4.883,4.342,4.903,3.832,4.92,4.475,4.422,4.364,2.039,2.405,5.124,5.865,5.227,4.065,4.272,4.785,5.1,4.442,4.505,5.351,4.668,5.793,4.578,3.431,3.632,4.29,4.4,4.006,3.82,4.198,3.345,5.644,4.675,4.372,5.368,5.242,3.597,3.158,5.339,6.471,3.498,5.281,5.236,3.685,5.562,7.443,6.074,4.39,6.074,5.997,5.396,3.818,4.763,4.533,2.812,5.098,6.509,6.419,5.364,5.998,5.363,5.285,5.125,6.095,6.914,5.77,4.399,3.995,5.259,5.161,7.059,6.934
Ohio,9.763,10.079,9.943,8.924,9.7,10.574,9.473,10.818,10.196,9.926,11.154,9.475,11.026,10.189,10.121,10.181,8.502,10.434,10.925,9.801,12.176,11.179,10.408,9.209,10.396,9.621,10.783,10.213,9.899,10.932,11.909,10.997,11.39,10.797,10.271,10.449,10.238,11.556,11.293,9.566,11.177,10.652,10.166,10.895,10.319,11.506,10.297,10.679,11.772,10.062,10.401,11.263,11.708,11.308,11.15,10.808,10.903,9.586,11.221,10.069,10.519,10.182,9.654,10.952,10.712,10.048,10.195,10.323,10.126,10.784,10.798,10.133,11.673,10.694,11.109,9.868,10.502,9.56,9.891,10.109,10.233,10.608,11.002,10.651,10.675,11.305,11.657,10.618,10.084,11.871,12.097,10.513,10.609,10.686,10.6,10.15,10.365,12.644,11.731,10.875,11.733,11.849,10.582,11.178,11.397,11.903,11.647,10.765,10.731,11.399,11.717,12.626,12.581
Oklahoma,15.496,15.14,14.253,15.29,14.32,14.64,15.572,15.533,15.596,15.849,16.198,14.298,15.158,15.56,14.791,15.339,14.451,15.409,14.805,14.883,16.655,15.852,15.516,14.591,15.962,15.112,15.824,15.468,14.681,15.556,16.215,15.345,16.636,16.74,15.531,15.989,15.147,16.604,16.635,14.798,15.693,15.293,15.748,15.632,15.168,16.557,15.409,15.174,15.163,15.176,15.277,16.073,16.472,17.235,15.929,16.641,15.303,15.081,15.214,14.91,14.854,15.73,16.273,15.877,16.04,15.089,15.57,14.859,15.371,15.455,15.623,15.441,15.376,15.686,15.188,15.143,16.321,15.096,14.504,16.193,16.164,15.344,14.816,15.605,15.232,16.342,15.733,15.487,14.888,16.324,16.124,15.571,14.9,15.854,15.627,15.405,15.253,17.064,16.692,16.143,16.411,15.671,15.936,16.019,16.355,17.108,15.931,15.637,15.569,16.085,16.896,17.678,17.525
Oregon,8.206,7.787,7.645,8.576,8.056,8.526,8.252,8.07,7.67,8.344,7.298,7.579,7.54,8.418,8.471,6.855,7.892,8.436,7.602,7.624,8.203,7.263,8.059,8.005,8.935,9.252,7.894,8.334,7.589,7.784,8.528,7.807,8.037,10.174,7.837,8.505,8.007,8.518,9.064,9.365,8.917,8.232,8.178,7.964,8.333,8.1,8.74,7.314,7.806,8.159,8.093,8.054,8.696,8.092,7.181,7.963,7.952,9.619,8.396,8.234,8.807,8.17,8.516,7.584,8.414,8.723,8.908,8.553,8.147,8.303,7.805,8.065,8.613,8.499,7.813,8.173,8.48,8.244,8.468,8.511,8.975,7.62,8.445,7.716,7.136,9.048,9.133,8.909,8.187,8.605,8.716,9.712,7.581,8.877,9.01,8.723,8.839,8.897,8.541,8.678,8.883,8.806,9.564,9.285,8.84,8.96,8.896,8.315,8.559,8.575,8.078,9.03,10.764
Pennsylvania,8.728,8.927,8.888,7.629,8.652,9.465,8.161,9.452,9.104,9.032,9.82,8.626,10.122,8.723,9.149,8.872,7.595,9.152,9.692,8.635,10.723,9.751,9.14,8.167,9.132,8.203,9.394,9.198,9.173,9.699,10.624,9.964,9.985,9.283,8.992,9.175,9.398,10.052,9.872,8.207,9.803,9.588,9.083,9.577,9.415,10.192,9.436,9.483,10.74,9.126,9.605,10.077,10.634,9.91,9.95,9.381,9.9,8.535,10.174,9.077,9.478,8.918,8.679,9.551,9.276,9.104,9.002,9.289,9.235,9.525,9.622,9.026,10.462,9.559,9.986,8.85,9.454,8.646,9.252,9.167,9.295,9.437,9.866,9.667,9.762,9.926,10.144,9.505,9.117,10.891,10.949,9.216,9.516,9.443,9.694,9.217,9.402,11.472,10.546,9.675,10.524,10.738,9.425,9.988,10.218,10.932,10.247,9.896,9.651,10.574,10.736,11.48,11.543
Rhode Island,8.733,9.003,8.891,7.445,8.456,9.267,8.114,9.45,9.029,9.174,9.296,8.815,10.186,8.609,9.475,8.587,7.699,8.81,9.478,8.733,10.111,9.368,8.799,8.536,9.344,8.099,9.453,9.375,9.341,9.804,10.326,9.856,9.512,8.892,8.966,9.198,9.849,9.956,9.318,8.212,9.711,9.538,8.977,9.48,9.546,9.903,9.452,9.249,10.865,9.376,9.982,10.187,10.797,9.756,9.718,9.136,10.088,8.751,10.015,9.408,9.481,8.692,9.04,9.371,9.049,9.307,8.87,9.203,9.451,9.281,9.501,8.945,10.427,9.542,10.029,9.202,9.524,8.699,9.75,9.225,9.424,9.256,10.095,9.877,9.65,9.55,9.609,9.439,9.184,10.767,10.731,9.004,9.511,9.599,9.749,9.333,9.544,11.054,10.823,9.553,10.501,10.671,9.392,9.661,10.071,10.989,10.051,10.282,9.705,11.031,10.784,11.586,11.569
South Carolina,15.899,16.768,16.429,16.031,16.613,16.903,16.938,17.146,16.947,16.56,17.823,16.607,17.305,16.631,16.896,17.19,16.139,17.068,17.555,16.406,18.068,17.665,17.196,16.439,17.786,17.102,17.844,16.794,17.142,17.043,17.702,17.957,18.175,17.267,17.295,17.299,17.114,17.809,17.896,16.345,17.497,17.273,17.13,17.161,17.648,17.803,16.854,17.453,18.044,17.354,17.372,17.593,17.872,17.757,17.365,17.637,17.631,16.373,17.491,16.588,17.0,17.056,16.482,16.983,17.219,16.408,16.72,16.499,16.414,17.24,17.355,17.198,17.46,17.65,17.708,16.505,17.229,16.874,16.818,17.052,16.705,17.51,16.772,17.372,17.68,18.223,17.26,16.665,17.244,18.791,18.116,17.095,17.439,17.582,17.405,16.993,17.226,18.639,17.953,17.323,17.895,18.146,17.394,17.796,17.73,18.012,18.379,17.677,17.516,17.403,18.297,18.554,18.736
South Dakota,7.803,6.677,6.271,6.397,6.454,6.894,6.157,7.548,6.248,7.669,7.002,6.236,7.269,7.445,6.384,5.667,5.39,7.221,6.702,6.871,8.656,6.864,7.469,6.019,7.484,7.547,6.228,7.642,5.94,7.786,9.413,6.861,8.316,9.161,7.339,6.738,6.488,8.293,8.584,7.413,8.311,7.388,7.294,7.139,6.822,8.107,7.256,7.315,7.251,5.423,5.384,7.526,8.309,8.248,7.269,7.394,7.252,7.643,7.281,6.903,7.665,7.26,8.438,7.521,6.685,6.701,7.191,7.177,6.871,6.884,6.935,6.272,8.119,8.045,7.031,8.154,7.876,6.013,6.182,8.224,8.911,6.448,7.537,7.57,6.392,8.033,9.53,8.477,7.16,8.624,8.535,7.9,6.115,7.52,7.382,5.746,7.478,8.929,9.103,8.096,8.42,8.266,8.17,8.274,8.82,9.3,8.565,6.952,6.767,7.678,7.47,9.908,9.773
Tennessee,13.029,13.866,13.421,13.364,13.569,14.02,14.081,14.518,14.215,13.514,15.12,13.272,14.666,14.073,13.998,14.067,12.748,14.207,14.638,13.557,15.657,14.948,14.242,13.215,14.924,13.913,14.974,13.714,13.948,14.353,15.033,14.702,15.127,14.549,14.34,14.499,14.075,15.114,14.828,13.153,14.812,14.186,14.253,14.516,14.319,15.041,13.851,14.331,14.936,14.028,14.311,14.813,15.094,15.13,14.627,14.879,14.871,13.331,14.524,13.46,13.931,14.234,13.604,14.375,14.555,13.67,13.936,13.572,13.657,14.177,14.476,14.209,14.795,14.5,14.56,13.317,14.259,13.62,13.466,14.248,13.969,14.456,13.962,14.423,14.296,15.18,14.912,14.037,13.91,15.483,15.294,14.14,14.202,14.479,14.412,13.917,14.065,15.936,15.421,14.701,14.885,15.106,14.431,14.941,15.077,15.169,15.723,14.452,14.437,14.685,15.237,16.014,15.912
Texas,18.031,18.326,16.903,18.096,17.236,17.556,18.627,18.246,18.511,18.632,18.742,17.236,17.429,17.692,17.703,18.463,17.896,18.086,17.404,17.641,19.205,18.477,18.079,17.626,18.574,17.787,19.03,18.061,17.765,17.956,18.243,17.816,19.273,19.245,18.43,17.966,18.157,18.897,18.823,17.635,18.009,17.933,18.312,18.158,18.454,18.821,17.882,18.276,18.085,18.75,18.685,18.525,18.957,19.447,18.646,19.048,18.337,17.696,17.839,17.799,17.71,18.634,18.658,18.353,18.561,17.703,18.444,17.486,18.274,17.838,18.494,18.242,17.821,18.279,17.876,17.35,18.692,17.879,17.4,18.554,18.543,18.336,17.625,18.378,18.175,18.788,17.855,18.149,18.102,18.834,18.383,18.151,17.977,18.797,18.61,18.697,17.901,19.608,19.383,19.238,18.83,18.504,18.756,18.58,18.955,19.59,18.338,18.712,18.833,18.499,19.718,19.926,20.425
Utah,9.006,8.373,7.624,8.483,8.095,8.282,8.845,7.639,8.001,9.461,7.97,7.35,7.609,8.552,8.193,7.639,7.566,8.323,8.163,7.774,9.231,7.856,7.614,7.764,8.5,9.126,8.621,8.618,7.839,7.838,8.617,7.657,8.354,10.608,8.711,9.125,8.351,8.762,8.948,9.653,8.374,8.301,9.326,7.811,8.214,8.866,8.713,8.012,7.747,8.844,8.111,8.078,9.001,9.536,7.75,8.748,8.385,9.481,9.066,8.829,8.626,8.718,8.985,7.645,8.21,8.778,8.49,7.96,8.747,8.443,7.979,8.757,7.81,8.643,7.508,8.5,9.27,8.674,8.094,9.027,9.854,7.842,8.596,7.662,8.152,9.394,8.83,8.854,8.902,8.949,8.332,9.143,7.944,9.476,9.205,9.45,8.702,8.716,9.226,9.761,9.656,9.074,10.03,8.989,9.327,9.241,9.664,8.631,8.83,8.804,8.437,10.249,10.985
Vermont,5.506,5.535,5.515,3.883,4.896,5.595,4.52,5.792,5.49,5.717,5.771,4.955,6.587,4.766,6.164,5.319,3.912,5.214,5.933,5.355,6.779,5.86,5.018,4.937,5.555,4.199,6.012,5.759,5.641,6.233,6.861,6.267,5.888,5.191,5.225,5.568,6.485,6.502,5.416,4.766,6.113,6.196,5.031,5.853,6.044,6.361,6.047,5.883,7.339,5.968,6.291,6.694,7.504,6.036,6.258,5.497,6.48,5.289,6.35,6.083,6.198,5.261,5.479,5.981,5.46,5.886,5.524,5.527,5.98,5.717,5.727,5.087,6.946,5.739,6.4,5.329,6.06,5.079,6.324,5.389,6.282,5.74,6.616,6.442,5.83,6.018,6.291,6.048,5.444,7.283,7.042,5.438,5.767,5.865,6.327,6.103,5.712,7.861,7.423,6.032,7.118,7.013,5.902,6.022,6.793,7.683,6.234,6.623,6.194,7.778,7.327,8.153,8.497
Virginia,12.035,12.65,12.425,11.56,12.347,13.062,12.195,12.84,12.73,12.438,13.47,12.391,13.562,12.483,12.655,12.672,11.478,12.654,13.274,12.162,14.185,13.391,12.992,11.942,13.183,12.489,13.198,12.689,12.962,13.244,13.87,13.691,13.823,13.084,12.858,13.055,12.918,13.658,13.719,12.08,13.443,13.234,13.137,13.095,13.347,13.737,12.75,13.202,14.098,13.023,13.202,13.57,14.069,13.508,13.235,13.402,13.607,12.136,13.715,12.498,12.888,12.523,12.32,13.093,13.129,12.403,12.441,12.641,12.453,13.166,13.246,12.827,13.613,13.402,13.488,12.533,13.053,12.428,12.566,12.895,12.492,13.08,12.958,13.268,13.52,13.634,13.372,12.653,12.876,14.574,14.351,12.969,13.287,13.369,13.208,12.703,13.006,14.636,13.973,13.204,13.741,14.166,13.209,13.698,13.688,14.076,14.174,13.578,13.269,13.659,14.292,14.564,14.732
Washington,7.597,7.28,7.059,7.995,7.652,8.217,7.387,7.659,6.748,7.638,6.891,7.342,6.899,7.957,8.172,6.053,7.393,8.099,6.994,7.317,7.405,6.697,7.89,7.654,8.672,8.763,7.294,7.972,6.904,7.348,8.082,7.453,7.447,9.459,7.432,7.781,7.352,8.342,8.58,8.962,8.866,8.015,7.448,8.013,7.894,7.671,8.272,6.81,7.165,6.883,7.35,7.785,8.499,7.291,6.321,7.377,7.496,9.38,7.514,7.592,8.311,7.805,8.104,7.05,8.068,8.192,8.706,7.894,7.471,7.7,7.369,7.305,7.971,8.106,7.282,7.651,7.823,7.665,7.917,7.782,8.412,7.411,8.093,7.357,6.575,8.401,8.888,8.403,7.972,8.371,8.302,9.153,7.424,8.725,8.561,7.508,8.369,9.123,8.243,7.86,8.284,8.289,9.032,9.112,8.532,8.675,8.302,7.686,8.048,8.442,7.619,8.478,10.572
West Virginia,10.145,10.689,10.524,9.806,10.436,11.286,10.316,11.156,10.893,10.534,11.766,10.306,11.653,10.602,10.773,10.826,9.451,11.001,11.509,10.272,12.5,11.702,11.071,9.918,11.206,10.448,11.421,10.713,10.906,11.353,12.178,11.771,11.904,11.313,11.045,11.172,10.966,11.939,11.903,10.209,11.559,11.312,11.049,11.337,11.306,12.038,10.963,11.419,12.349,11.044,11.302,11.828,12.24,11.682,11.511,11.456,11.777,10.139,11.854,10.556,11.067,10.777,10.211,11.314,11.386,10.569,10.783,10.737,10.645,11.438,11.358,10.949,11.977,11.485,11.725,10.462,11.082,10.452,10.628,10.808,10.604,11.407,11.238,11.467,11.496,11.836,11.833,11.044,10.881,12.588,12.59,11.132,11.408,11.38,11.287,10.841,11.047,12.893,12.189,11.466,12.024,12.365,11.359,11.934,11.98,12.23,12.28,11.478,11.411,11.723,12.429,12.877,13.029
Wisconsin,6.046,6.166,5.378,4.58,5.533,6.369,5.179,6.826,5.85,6.433,6.645,4.91,6.55,6.204,6.118,5.392,3.851,6.167,6.304,5.936,8.05,6.741,6.214,4.683,6.06,5.173,5.94,6.28,5.007,6.889,8.872,6.212,6.74,6.894,5.944,5.593,5.821,7.297,7.158,5.839,7.579,6.538,5.717,7.161,5.738,7.127,6.342,6.503,7.067,4.825,5.076,6.842,7.402,6.901,6.769,6.321,6.336,6.217,6.186,6.231,6.678,5.981,6.221,6.988,5.805,5.952,5.648,6.788,6.048,6.248,6.257,5.099,7.461,6.285,6.576,5.868,6.697,5.604,5.318,6.297,7.023,5.886,6.924,6.829,5.857,6.869,8.51,6.892,5.675,7.524,7.091,6.462,5.914,6.6,6.5,5.24,6.384,8.905,7.84,7.024,7.818,7.422,6.64,6.819,7.662,8.152,7.49,5.904,6.205,7.869,7.191,8.959,8.085
Wyoming,5.794,5.09,4.339,5.375,4.516,4.842,4.935,4.627,4.442,6.061,4.529,3.671,4.272,5.366,4.805,3.826,4.136,4.933,5.058,4.428,6.087,4.434,4.605,4.13,5.639,5.627,4.727,4.851,4.031,5.019,5.884,4.416,5.899,7.335,5.338,5.479,4.777,5.768,6.126,6.177,5.607,4.812,5.707,4.508,4.663,5.88,5.204,4.94,4.874,4.843,4.125,5.206,6.222,6.45,4.63,5.402,4.997,5.906,5.177,5.36,5.393,5.446,6.168,4.608,4.986,5.501,5.304,4.756,5.482,5.083,4.846,4.95,4.77,5.522,4.513,5.544,5.943,4.47,4.774,5.816,6.782,4.565,5.237,4.624,4.265,6.026,6.102,6.206,5.3,5.676,5.595,6.027,4.1,6.242,5.537,5.18,5.322,6.045,6.413,6.088,6.432,5.415,6.361,6.0,6.227,6.428,6.511,5.067,5.2,5.756,5.312,7.306,8.041
